[
  {
    "id": "25228b36-0469-4f0a-b3ce-1a87517864de",
    "data": [
      {
        "text": "Wann",
        "userDefined": false
      },
      {
        "text": " kam das letzte ",
        "userDefined": false
      },
      {
        "text": "Kalb",
        "userDefined": false
      },
      {
        "text": " von ",
        "userDefined": false
      },
      {
        "text": "Olga",
        "meta": "@kuhname",
        "alias": "kuhname",
        "userDefined": true
      },
      {
        "text": " zur ",
        "userDefined": false
      },
      {
        "text": "Welt",
        "userDefined": false
      },
      {
        "text": "?",
        "userDefined": false
      }
    ],
    "isTemplate": false,
    "count": 0,
    "lang": "de",
    "updated": 0
  },
  {
    "id": "dc23487c-7ac0-4296-bcaf-b2efe373ed5b",
    "data": [
      {
        "text": "Wann hat",
        "userDefined": false
      },
      {
        "text": " ",
        "userDefined": false
      },
      {
        "text": "Olga",
        "meta": "@kuhname",
        "alias": "kuhname",
        "userDefined": false
      },
      {
        "text": " das letzte mal abgekalbt?",
        "userDefined": false
      }
    ],
    "isTemplate": false,
    "count": 0,
    "lang": "de",
    "updated": 0
  }
]