[
  {
    "id": "de65804d-4e69-4ab5-93b6-d3e32d1c13e5",
    "data": [
      {
        "text": "Von wem stammt ",
        "userDefined": false
      },
      {
        "text": "Cindy",
        "meta": "@kuhname",
        "alias": "kuhname",
        "userDefined": false
      },
      {
        "text": " ab?",
        "userDefined": false
      }
    ],
    "isTemplate": false,
    "count": 0,
    "lang": "de",
    "updated": 0
  },
  {
    "id": "d17156f8-7a62-4b7f-9b5e-0b01dd6050ff",
    "data": [
      {
        "text": "Was ist der Stammbaum von ",
        "userDefined": false
      },
      {
        "text": "Olga",
        "meta": "@kuhname",
        "alias": "kuhname",
        "userDefined": false
      },
      {
        "text": "?",
        "userDefined": false
      }
    ],
    "isTemplate": false,
    "count": 0,
    "lang": "de",
    "updated": 0
  }
]