[
  {
    "id": "3dcb1b3e-987a-46cc-89ff-c1b573aef799",
    "data": [
      {
        "text": "Ich habe ",
        "userDefined": false
      },
      {
        "text": "heute",
        "meta": "@sys.date",
        "alias": "date",
        "userDefined": false
      },
      {
        "text": " meine Kuh ",
        "userDefined": false
      },
      {
        "text": "Olga",
        "meta": "@kuhname",
        "alias": "kuhname",
        "userDefined": false
      },
      {
        "text": " besamt",
        "userDefined": false
      }
    ],
    "isTemplate": false,
    "count": 0,
    "lang": "de",
    "updated": 0
  },
  {
    "id": "0fcabdc0-d569-4d9d-8ac0-8f601abfb58a",
    "data": [
      {
        "text": "Olga",
        "meta": "@kuhname",
        "alias": "kuhname",
        "userDefined": false
      },
      {
        "text": " wurde ",
        "userDefined": false
      },
      {
        "text": "heute",
        "meta": "@sys.date",
        "alias": "date",
        "userDefined": false
      },
      {
        "text": " besamt",
        "userDefined": false
      }
    ],
    "isTemplate": false,
    "count": 0,
    "lang": "de",
    "updated": 0
  },
  {
    "id": "9c4b0e69-c7e8-4b31-b91c-c6b1abc03844",
    "data": [
      {
        "text": "Meine Kuh ",
        "userDefined": false
      },
      {
        "text": "Olga",
        "meta": "@kuhname",
        "alias": "kuhname",
        "userDefined": false
      },
      {
        "text": " wurde ",
        "userDefined": false
      },
      {
        "text": "heute",
        "meta": "@sys.date",
        "alias": "date",
        "userDefined": false
      },
      {
        "text": " besamt.",
        "userDefined": false
      }
    ],
    "isTemplate": false,
    "count": 0,
    "lang": "de",
    "updated": 0
  }
]