[
  {
    "id": "e185354e-7031-4df8-9e95-7ceadfb8e1ff",
    "data": [
      {
        "text": "Laborbericht bitte",
        "userDefined": false
      }
    ],
    "isTemplate": false,
    "count": 0,
    "lang": "de",
    "updated": 0
  },
  {
    "id": "02664330-df53-4d52-b374-dab34d081ce1",
    "data": [
      {
        "text": "Gib",
        "userDefined": false
      },
      {
        "text": " mir den Laborbericht",
        "userDefined": false
      }
    ],
    "isTemplate": false,
    "count": 0,
    "lang": "de",
    "updated": 0
  },
  {
    "id": "13727cd7-3135-4b50-a158-1d9e5ca044ce",
    "data": [
      {
        "text": "Kannst du mir den aktuellen Laborbericht herunterladen?",
        "userDefined": false
      }
    ],
    "isTemplate": false,
    "count": 0,
    "lang": "de",
    "updated": 0
  }
]