[
  {
    "id": "b75a478f-3a68-4ab2-b167-fc41306f5be7",
    "data": [
      {
        "text": "Wann",
        "userDefined": false
      },
      {
        "text": " wurde ",
        "userDefined": false
      },
      {
        "text": "Olga",
        "meta": "@kuhname",
        "alias": "kuhname",
        "userDefined": false
      },
      {
        "text": " zuletzt besamt?",
        "userDefined": false
      }
    ],
    "isTemplate": false,
    "count": 0,
    "lang": "de",
    "updated": 0
  }
]