[
  {
    "value": "CH120.1035.9403.8",
    "synonyms": [
      "CH120.1035.9403.8"
    ]
  },
  {
    "value": "CH120 1035 9403 8",
    "synonyms": [
      "CH120 1035 9403 8"
    ]
  },
  {
    "value": "CH120103594038",
    "synonyms": [
      "CH120103594038"
    ]
  },
  {
    "value": "CH 120.0906.4458.7",
    "synonyms": [
      "CH 120.0906.4458.7"
    ]
  },
  {
    "value": "CH 120.1014.2559.4",
    "synonyms": [
      "CH 120.1014.2559.4"
    ]
  },
  {
    "value": "CH 120.1035.9403.8",
    "synonyms": [
      "CH 120.1035.9403.8"
    ]
  },
  {
    "value": "CH 120.1035.9434.2",
    "synonyms": [
      "CH 120.1035.9434.2"
    ]
  },
  {
    "value": "CH 120.1094.8850.8",
    "synonyms": [
      "CH 120.1094.8850.8"
    ]
  },
  {
    "value": "CH 120.1094.8855.3",
    "synonyms": [
      "CH 120.1094.8855.3"
    ]
  },
  {
    "value": "CH 120.1119.7171.5",
    "synonyms": [
      "CH 120.1119.7171.5"
    ]
  },
  {
    "value": "CH 120.1162.2526.4",
    "synonyms": [
      "CH 120.1162.2526.4"
    ]
  },
  {
    "value": "CH 120.1200.3519.4",
    "synonyms": [
      "CH 120.1200.3519.4"
    ]
  },
  {
    "value": "CH 120.1234.3153.5",
    "synonyms": [
      "CH 120.1234.3153.5"
    ]
  },
  {
    "value": "CH 120.1265.6583.1",
    "synonyms": [
      "CH 120.1265.6583.1"
    ]
  },
  {
    "value": "CH 120 1265 6583 1",
    "synonyms": [
      "CH 120 1265 6583 1"
    ]
  },
  {
    "value": "CH120126565831",
    "synonyms": [
      "CH120126565831"
    ]
  },
  {
    "value": "CH 120 1119 7171 5",
    "synonyms": [
      "CH 120 1119 7171 5"
    ]
  },
  {
    "value": "CH 120152227833",
    "synonyms": [
      "CH 120152227833"
    ]
  },
  {
    "value": "CH 120.1522.2784.0",
    "synonyms": [
      "CH 120.1522.2784.0"
    ]
  },
  {
    "value": "CH 120.1634.9638.9",
    "synonyms": [
      "CH 120.1634.9638.9"
    ]
  }
]