[
  {
    "value": "olga",
    "synonyms": [
      "olga"
    ]
  },
  {
    "value": "safira",
    "synonyms": [
      "safira"
    ]
  },
  {
    "value": "infinity",
    "synonyms": [
      "infinity"
    ]
  },
  {
    "value": "ottawa",
    "synonyms": [
      "ottawa"
    ]
  },
  {
    "value": "diva",
    "synonyms": [
      "diva"
    ]
  },
  {
    "value": "carol",
    "synonyms": [
      "carol"
    ]
  },
  {
    "value": "kenia",
    "synonyms": [
      "kenia"
    ]
  },
  {
    "value": "ikebana",
    "synonyms": [
      "ikebana"
    ]
  },
  {
    "value": "dixie",
    "synonyms": [
      "dixie"
    ]
  },
  {
    "value": "o-hara",
    "synonyms": [
      "o-hara"
    ]
  },
  {
    "value": "kiwi",
    "synonyms": [
      "kiwi"
    ]
  },
  {
    "value": "oleana",
    "synonyms": [
      "oleana"
    ]
  },
  {
    "value": "karin",
    "synonyms": [
      "karin"
    ]
  },
  {
    "value": "oksana",
    "synonyms": [
      "oksana"
    ]
  },
  {
    "value": "charlotte",
    "synonyms": [
      "charlotte"
    ]
  },
  {
    "value": "josy",
    "synonyms": [
      "josy"
    ]
  },
  {
    "value": "baghira",
    "synonyms": [
      "baghira"
    ]
  },
  {
    "value": "halily",
    "synonyms": [
      "halily"
    ]
  },
  {
    "value": "jena",
    "synonyms": [
      "jena"
    ]
  },
  {
    "value": "dora",
    "synonyms": [
      "dora"
    ]
  },
  {
    "value": "sophia-et",
    "synonyms": [
      "sophia-et"
    ]
  },
  {
    "value": "olivera",
    "synonyms": [
      "olivera"
    ]
  },
  {
    "value": "beauty",
    "synonyms": [
      "beauty"
    ]
  },
  {
    "value": "jolly",
    "synonyms": [
      "jolly"
    ]
  },
  {
    "value": "darling",
    "synonyms": [
      "darling"
    ]
  },
  {
    "value": "kate",
    "synonyms": [
      "kate"
    ]
  },
  {
    "value": "conny",
    "synonyms": [
      "conny"
    ]
  },
  {
    "value": "sonja",
    "synonyms": [
      "sonja"
    ]
  },
  {
    "value": "dolly",
    "synonyms": [
      "dolly"
    ]
  },
  {
    "value": "odette",
    "synonyms": [
      "odette"
    ]
  },
  {
    "value": "bali",
    "synonyms": [
      "bali"
    ]
  },
  {
    "value": "mina",
    "synonyms": [
      "mina"
    ]
  },
  {
    "value": "cora",
    "synonyms": [
      "cora"
    ]
  },
  {
    "value": "india",
    "synonyms": [
      "india"
    ]
  },
  {
    "value": "violine",
    "synonyms": [
      "violine"
    ]
  },
  {
    "value": "otilia",
    "synonyms": [
      "otilia"
    ]
  },
  {
    "value": "omega",
    "synonyms": [
      "omega"
    ]
  },
  {
    "value": "nebraska",
    "synonyms": [
      "nebraska"
    ]
  },
  {
    "value": "dilaila",
    "synonyms": [
      "dilaila"
    ]
  },
  {
    "value": "brenda",
    "synonyms": [
      "brenda"
    ]
  },
  {
    "value": "disney",
    "synonyms": [
      "disney"
    ]
  },
  {
    "value": "bonita",
    "synonyms": [
      "bonita"
    ]
  },
  {
    "value": "kreta",
    "synonyms": [
      "kreta"
    ]
  },
  {
    "value": "nena",
    "synonyms": [
      "nena"
    ]
  },
  {
    "value": "candy",
    "synonyms": [
      "candy"
    ]
  },
  {
    "value": "jasmin",
    "synonyms": [
      "jasmin"
    ]
  },
  {
    "value": "oranja",
    "synonyms": [
      "oranja"
    ]
  },
  {
    "value": "sunny",
    "synonyms": [
      "sunny"
    ]
  },
  {
    "value": "cloe",
    "synonyms": [
      "cloe"
    ]
  },
  {
    "value": "chloe sg-et",
    "synonyms": [
      "chloe sg-et"
    ]
  },
  {
    "value": "odina",
    "synonyms": [
      "odina"
    ]
  },
  {
    "value": "daria",
    "synonyms": [
      "daria"
    ]
  },
  {
    "value": "samba",
    "synonyms": [
      "samba"
    ]
  },
  {
    "value": "ilaria",
    "synonyms": [
      "ilaria"
    ]
  },
  {
    "value": "oktavia",
    "synonyms": [
      "oktavia"
    ]
  },
  {
    "value": "jelena",
    "synonyms": [
      "jelena"
    ]
  },
  {
    "value": "olivia",
    "synonyms": [
      "olivia"
    ]
  },
  {
    "value": "kitty",
    "synonyms": [
      "kitty"
    ]
  },
  {
    "value": "juna",
    "synonyms": [
      "juna"
    ]
  },
  {
    "value": "caroline",
    "synonyms": [
      "caroline"
    ]
  },
  {
    "value": "jadore",
    "synonyms": [
      "jadore"
    ]
  },
  {
    "value": "kelly",
    "synonyms": [
      "kelly"
    ]
  },
  {
    "value": "amora",
    "synonyms": [
      "amora"
    ]
  },
  {
    "value": "dancy",
    "synonyms": [
      "dancy"
    ]
  },
  {
    "value": "bailys",
    "synonyms": [
      "bailys"
    ]
  },
  {
    "value": "havanna",
    "synonyms": [
      "havanna"
    ]
  },
  {
    "value": "inka",
    "synonyms": [
      "inka"
    ]
  },
  {
    "value": "olea",
    "synonyms": [
      "olea"
    ]
  },
  {
    "value": "joleen",
    "synonyms": [
      "joleen"
    ]
  },
  {
    "value": "darvida",
    "synonyms": [
      "darvida"
    ]
  },
  {
    "value": "ozeana",
    "synonyms": [
      "ozeana"
    ]
  },
  {
    "value": "ilona",
    "synonyms": [
      "ilona"
    ]
  },
  {
    "value": "sheila",
    "synonyms": [
      "sheila"
    ]
  },
  {
    "value": "duska",
    "synonyms": [
      "duska"
    ]
  },
  {
    "value": "viamala",
    "synonyms": [
      "viamala"
    ]
  },
  {
    "value": "cinderella",
    "synonyms": [
      "cinderella"
    ]
  },
  {
    "value": "bounty",
    "synonyms": [
      "bounty"
    ]
  },
  {
    "value": "mendocina",
    "synonyms": [
      "mendocina"
    ]
  },
  {
    "value": "jenniffer",
    "synonyms": [
      "jenniffer"
    ]
  },
  {
    "value": "wendy",
    "synonyms": [
      "wendy"
    ]
  },
  {
    "value": "venus",
    "synonyms": [
      "venus"
    ]
  },
  {
    "value": "calvina",
    "synonyms": [
      "calvina"
    ]
  },
  {
    "value": "olaya",
    "synonyms": [
      "olaya"
    ]
  },
  {
    "value": "julia",
    "synonyms": [
      "julia"
    ]
  },
  {
    "value": "damina",
    "synonyms": [
      "damina"
    ]
  },
  {
    "value": "kira",
    "synonyms": [
      "kira"
    ]
  },
  {
    "value": "sally",
    "synonyms": [
      "sally"
    ]
  },
  {
    "value": "kimba",
    "synonyms": [
      "kimba"
    ]
  },
  {
    "value": "cecilia",
    "synonyms": [
      "cecilia"
    ]
  },
  {
    "value": "holly",
    "synonyms": [
      "holly"
    ]
  },
  {
    "value": "dirona",
    "synonyms": [
      "dirona"
    ]
  },
  {
    "value": "bronia",
    "synonyms": [
      "bronia"
    ]
  },
  {
    "value": "balerina",
    "synonyms": [
      "balerina"
    ]
  },
  {
    "value": "oana",
    "synonyms": [
      "oana"
    ]
  },
  {
    "value": "olinka",
    "synonyms": [
      "olinka"
    ]
  },
  {
    "value": "amanda",
    "synonyms": [
      "amanda"
    ]
  },
  {
    "value": "dalma",
    "synonyms": [
      "dalma"
    ]
  },
  {
    "value": "oraya",
    "synonyms": [
      "oraya"
    ]
  },
  {
    "value": "soraya",
    "synonyms": [
      "soraya"
    ]
  },
  {
    "value": "onita",
    "synonyms": [
      "onita"
    ]
  },
  {
    "value": "irina",
    "synonyms": [
      "irina"
    ]
  },
  {
    "value": "bella",
    "synonyms": [
      "bella"
    ]
  },
  {
    "value": "oasis",
    "synonyms": [
      "oasis"
    ]
  },
  {
    "value": "bettina",
    "synonyms": [
      "bettina"
    ]
  },
  {
    "value": "jenny",
    "synonyms": [
      "jenny"
    ]
  },
  {
    "value": "charlene",
    "synonyms": [
      "charlene"
    ]
  },
  {
    "value": "doris",
    "synonyms": [
      "doris"
    ]
  },
  {
    "value": "darinka",
    "synonyms": [
      "darinka"
    ]
  },
  {
    "value": "diona",
    "synonyms": [
      "diona"
    ]
  },
  {
    "value": "milva",
    "synonyms": [
      "milva"
    ]
  },
  {
    "value": "britney",
    "synonyms": [
      "britney"
    ]
  },
  {
    "value": "opera",
    "synonyms": [
      "opera"
    ]
  },
  {
    "value": "bjelle",
    "synonyms": [
      "bjelle"
    ]
  },
  {
    "value": "bianca",
    "synonyms": [
      "bianca"
    ]
  },
  {
    "value": "vanilla",
    "synonyms": [
      "vanilla"
    ]
  },
  {
    "value": "blanca",
    "synonyms": [
      "blanca"
    ]
  },
  {
    "value": "dubaj",
    "synonyms": [
      "dubaj"
    ]
  },
  {
    "value": "alisha",
    "synonyms": [
      "alisha"
    ]
  },
  {
    "value": "optima",
    "synonyms": [
      "optima"
    ]
  },
  {
    "value": "bacarra",
    "synonyms": [
      "bacarra"
    ]
  },
  {
    "value": "sirka",
    "synonyms": [
      "sirka"
    ]
  },
  {
    "value": "daphne",
    "synonyms": [
      "daphne"
    ]
  },
  {
    "value": "sirja",
    "synonyms": [
      "sirja"
    ]
  },
  {
    "value": "juanita",
    "synonyms": [
      "juanita"
    ]
  },
  {
    "value": "justin",
    "synonyms": [
      "justin"
    ]
  },
  {
    "value": "nera",
    "synonyms": [
      "nera"
    ]
  },
  {
    "value": "ofra-jane",
    "synonyms": [
      "ofra-jane"
    ]
  },
  {
    "value": "chrissy",
    "synonyms": [
      "chrissy"
    ]
  },
  {
    "value": "dorka",
    "synonyms": [
      "dorka"
    ]
  },
  {
    "value": "daluna",
    "synonyms": [
      "daluna"
    ]
  },
  {
    "value": "joanna",
    "synonyms": [
      "joanna"
    ]
  },
  {
    "value": "chiara",
    "synonyms": [
      "chiara"
    ]
  },
  {
    "value": "carola",
    "synonyms": [
      "carola"
    ]
  },
  {
    "value": "orsina",
    "synonyms": [
      "orsina"
    ]
  },
  {
    "value": "ilanka",
    "synonyms": [
      "ilanka"
    ]
  },
  {
    "value": "darienne",
    "synonyms": [
      "darienne"
    ]
  },
  {
    "value": "kaja",
    "synonyms": [
      "kaja"
    ]
  },
  {
    "value": "calanda",
    "synonyms": [
      "calanda"
    ]
  },
  {
    "value": "okita",
    "synonyms": [
      "okita"
    ]
  },
  {
    "value": "oleandra",
    "synonyms": [
      "oleandra"
    ]
  },
  {
    "value": "blacky",
    "synonyms": [
      "blacky"
    ]
  },
  {
    "value": "chelsey",
    "synonyms": [
      "chelsey"
    ]
  },
  {
    "value": "jolanda",
    "synonyms": [
      "jolanda"
    ]
  },
  {
    "value": "saskia",
    "synonyms": [
      "saskia"
    ]
  },
  {
    "value": "dorothe",
    "synonyms": [
      "dorothe"
    ]
  },
  {
    "value": "selma",
    "synonyms": [
      "selma"
    ]
  },
  {
    "value": "jade",
    "synonyms": [
      "jade"
    ]
  },
  {
    "value": "daisy",
    "synonyms": [
      "daisy"
    ]
  },
  {
    "value": "nils",
    "synonyms": [
      "nils"
    ]
  },
  {
    "value": "nilson",
    "synonyms": [
      "nilson"
    ]
  }
]